Water Pollution Search Results,,,,,,,,,,,,,,,,,,,,,,
Search Criteria: Year = 2019; HUC Code = 18060010,,,,,,,,,,,,,,,,,,,,,,
,,,,,,,,,,,,,,,,,,,,,,
Data Source,NPDES Permit Number,FRS ID,Facility Name,City,County,State,HUC 12 Code,Watershed Name,SIC Code,Facility Latitude,Facility Longitude,Pollutant Name,Substance Registry System ID,CAS Number,Average Daily Flow (MGD),Major/Non-Major Status,Contains Potential Outliers?,Total Pounds (lb/yr),Total Kilograms (kg/yr),Total TWPE (lb-eq/yr),Total TWPE (kg-eq/yr),Link to DFR
ICIS,CA0048127,1.1001E+11,LOMPOC WASTEWATER PLANT,LOMPOC,SANTA BARBARA,CA,1.806E+11,San Miguelito Creek-Santa Ynez River,4952,34.66108,-120.48135,"Solids, total dissolved",,,3.07,Major,,6863610.769,308862.4846,0,0,https://echo.epa.gov/detailed-facility-report?fid=CA0048127&sys=ICP
ICIS,CA0048127,1.1001E+11,LOMPOC WASTEWATER PLANT,LOMPOC,SANTA BARBARA,CA,1.806E+11,San Miguelito Creek-Santa Ynez River,4952,34.66108,-120.48135,Sulfate,197301,14808798,3.07,Major,,2462497.595,110812.3918,13.78998653,0.620549394,https://echo.epa.gov/detailed-facility-report?fid=CA0048127&sys=ICP
ICIS,CA0048127,1.1001E+11,LOMPOC WASTEWATER PLANT,LOMPOC,SANTA BARBARA,CA,1.806E+11,San Miguelito Creek-Santa Ynez River,4952,34.66108,-120.48135,Sodium,149856,7440235,3.07,Major,,1415708.032,63706.86146,7.772514688,0.349763161,https://echo.epa.gov/detailed-facility-report?fid=CA0048127&sys=ICP
ICIS,CA0048127,1.1001E+11,LOMPOC WASTEWATER PLANT,LOMPOC,SANTA BARBARA,CA,1.806E+11,San Miguelito Creek-Santa Ynez River,4952,34.66108,-120.48135,Chloride,205955,16887006,3.07,Major,,1342876.901,60429.46053,32.69613323,1.471325996,https://echo.epa.gov/detailed-facility-report?fid=CA0048127&sys=ICP
ICIS,CA0050008,1.10017E+11,SANTA YNEZ BAND/CHUMASH WWTF,SANTA YNEZ,SANTA BARBARA,CA,1.806E+11,Zanja de Cota Creek,4952,34.61013,-120.08645,"Solids, total dissolved",,,0.045555556,Non-Major,,92706.99393,4171.814727,0,0,https://echo.epa.gov/detailed-facility-report?fid=CA0050008&sys=ICP
ICIS,CA0048127,1.1001E+11,LOMPOC WASTEWATER PLANT,LOMPOC,SANTA BARBARA,CA,1.806E+11,San Miguelito Creek-Santa Ynez River,4952,34.66108,-120.48135,"Nitrogen, nitrate dissolved",197186,14797558,3.07,Major,,41055.27593,1847.487417,30.65460603,1.379457271,https://echo.epa.gov/detailed-facility-report?fid=CA0048127&sys=ICP
ICIS,CA0048127,1.1001E+11,LOMPOC WASTEWATER PLANT,LOMPOC,SANTA BARBARA,CA,1.806E+11,San Miguelito Creek-Santa Ynez River,4952,34.66108,-120.48135,Phosphorus,153049,7723140,3.07,Major,,37748.80239,1698.696107,0,0,https://echo.epa.gov/detailed-facility-report?fid=CA0048127&sys=ICP
ICIS,CA0048127,1.1001E+11,LOMPOC WASTEWATER PLANT,LOMPOC,SANTA BARBARA,CA,1.806E+11,San Miguelito Creek-Santa Ynez River,4952,34.66108,-120.48135,"BOD, 5-day, 20 deg. C",,,3.07,Major,,29306.43,1318.78935,0,0,https://echo.epa.gov/detailed-facility-report?fid=CA0048127&sys=ICP
ICIS,CA0048127,1.1001E+11,LOMPOC WASTEWATER PLANT,LOMPOC,SANTA BARBARA,CA,1.806E+11,San Miguelito Creek-Santa Ynez River,4952,34.66108,-120.48135,Oil and grease,,,3.07,Major,,26338.73779,1185.243201,0,0,https://echo.epa.gov/detailed-facility-report?fid=CA0048127&sys=ICP
ICIS,CA0050008,1.10017E+11,SANTA YNEZ BAND/CHUMASH WWTF,SANTA YNEZ,SANTA BARBARA,CA,1.806E+11,Zanja de Cota Creek,4952,34.61013,-120.08645,Sodium,149856,7440235,0.045555556,Non-Major,,20888.10343,939.9646544,0.114679784,0.00516059,https://echo.epa.gov/detailed-facility-report?fid=CA0050008&sys=ICP
ICIS,CA0048127,1.1001E+11,LOMPOC WASTEWATER PLANT,LOMPOC,SANTA BARBARA,CA,1.806E+11,San Miguelito Creek-Santa Ynez River,4952,34.66108,-120.48135,"Solids, total suspended",,,3.07,Major,,16545.93429,744.5670429,0,0,https://echo.epa.gov/detailed-facility-report?fid=CA0048127&sys=ICP
ICIS,CA0048127,1.1001E+11,LOMPOC WASTEWATER PLANT,LOMPOC,SANTA BARBARA,CA,1.806E+11,San Miguelito Creek-Santa Ynez River,4952,34.66108,-120.48135,Organic Nitrogen,153122,7727379,3.07,Major,,8560.089781,385.2040402,0,0,https://echo.epa.gov/detailed-facility-report?fid=CA0048127&sys=ICP
ICIS,CA0048127,1.1001E+11,LOMPOC WASTEWATER PLANT,LOMPOC,SANTA BARBARA,CA,1.806E+11,San Miguelito Creek-Santa Ynez River,4952,34.66108,-120.48135,Boron,150011,7440428,3.07,Major,,2583.371335,116.2517101,21.54962264,0.969733019,https://echo.epa.gov/detailed-facility-report?fid=CA0048127&sys=ICP
ICIS,CA0048127,1.1001E+11,LOMPOC WASTEWATER PLANT,LOMPOC,SANTA BARBARA,CA,1.806E+11,San Miguelito Creek-Santa Ynez River,4952,34.66108,-120.48135,Ammonia as N,152389,7664417,3.07,Major,,1818.319765,81.8243894,2.018334939,0.090825072,https://echo.epa.gov/detailed-facility-report?fid=CA0048127&sys=ICP
ICIS,CA0048127,1.1001E+11,LOMPOC WASTEWATER PLANT,LOMPOC,SANTA BARBARA,CA,1.806E+11,San Miguelito Creek-Santa Ynez River,4952,34.66108,-120.48135,"Nitrite nitrogen, dissolved (as N)",197194,14797650,3.07,Major,,692.0315821,31.1414212,2.214501063,0.099652548,https://echo.epa.gov/detailed-facility-report?fid=CA0048127&sys=ICP
ICIS,CA0050008,1.10017E+11,SANTA YNEZ BAND/CHUMASH WWTF,SANTA YNEZ,SANTA BARBARA,CA,1.806E+11,Zanja de Cota Creek,4952,34.61013,-120.08645,Phosphorus,153049,7723140,0.045555556,Non-Major,,393.3851749,17.70233287,0,0,https://echo.epa.gov/detailed-facility-report?fid=CA0050008&sys=ICP
ICIS,CA0050008,1.10017E+11,SANTA YNEZ BAND/CHUMASH WWTF,SANTA YNEZ,SANTA BARBARA,CA,1.806E+11,Zanja de Cota Creek,4952,34.61013,-120.08645,Oil and grease,,,0.045555556,Non-Major,,304.2089663,13.68940348,0,0,https://echo.epa.gov/detailed-facility-report?fid=CA0050008&sys=ICP
ICIS,CA0050008,1.10017E+11,SANTA YNEZ BAND/CHUMASH WWTF,SANTA YNEZ,SANTA BARBARA,CA,1.806E+11,Zanja de Cota Creek,4952,34.61013,-120.08645,"Nitrogen, nitrate dissolved",197186,14797558,0.045555556,Non-Major,,177.1506041,7.971777182,0.132272451,0.00595226,https://echo.epa.gov/detailed-facility-report?fid=CA0050008&sys=ICP
ICIS,CA0050008,1.10017E+11,SANTA YNEZ BAND/CHUMASH WWTF,SANTA YNEZ,SANTA BARBARA,CA,1.806E+11,Zanja de Cota Creek,4952,34.61013,-120.08645,"BOD, 5-day, 20 deg. C",,,0.045555556,Non-Major,,114.1714286,5.137714286,0,0,https://echo.epa.gov/detailed-facility-report?fid=CA0050008&sys=ICP
ICIS,CA0050008,1.10017E+11,SANTA YNEZ BAND/CHUMASH WWTF,SANTA YNEZ,SANTA BARBARA,CA,1.806E+11,Zanja de Cota Creek,4952,34.61013,-120.08645,"Solids, total suspended",,,0.045555556,Non-Major,,52.956,2.38302,0,0,https://echo.epa.gov/detailed-facility-report?fid=CA0050008&sys=ICP
ICIS,CA0050008,1.10017E+11,SANTA YNEZ BAND/CHUMASH WWTF,SANTA YNEZ,SANTA BARBARA,CA,1.806E+11,Zanja de Cota Creek,4952,34.61013,-120.08645,Total Residual Chlorine,154328,7782505,0.045555556,Non-Major,,19.47938895,0.876572503,9.739694475,0.438286251,https://echo.epa.gov/detailed-facility-report?fid=CA0050008&sys=ICP
ICIS,CA0050008,1.10017E+11,SANTA YNEZ BAND/CHUMASH WWTF,SANTA YNEZ,SANTA BARBARA,CA,1.806E+11,Zanja de Cota Creek,4952,34.61013,-120.08645,.beta.-Endosulfan,263996,33213659,0.045555556,Non-Major,,0,0,0,0,https://echo.epa.gov/detailed-facility-report?fid=CA0050008&sys=ICP
ICIS,CA0050008,1.10017E+11,SANTA YNEZ BAND/CHUMASH WWTF,SANTA YNEZ,SANTA BARBARA,CA,1.806E+11,Zanja de Cota Creek,4952,34.61013,-120.08645,"1,1,2-Trichloroethane",7518,79005,0.045555556,Non-Major,,0,0,0,0,https://echo.epa.gov/detailed-facility-report?fid=CA0050008&sys=ICP
ICIS,CA0050008,1.10017E+11,SANTA YNEZ BAND/CHUMASH WWTF,SANTA YNEZ,SANTA BARBARA,CA,1.806E+11,Zanja de Cota Creek,4952,34.61013,-120.08645,Aroclor 1248,182766,12672296,0.045555556,Non-Major,,0,0,0,0,https://echo.epa.gov/detailed-facility-report?fid=CA0050008&sys=ICP
ICIS,CA0050008,1.10017E+11,SANTA YNEZ BAND/CHUMASH WWTF,SANTA YNEZ,SANTA BARBARA,CA,1.806E+11,Zanja de Cota Creek,4952,34.61013,-120.08645,Bis(2-chloroethoxy)methane,27987,111911,0.045555556,Non-Major,,0,0,0,0,https://echo.epa.gov/detailed-facility-report?fid=CA0050008&sys=ICP
ICIS,CA0050008,1.10017E+11,SANTA YNEZ BAND/CHUMASH WWTF,SANTA YNEZ,SANTA BARBARA,CA,1.806E+11,Zanja de Cota Creek,4952,34.61013,-120.08645,Chloroform,4317,67663,0.045555556,Non-Major,,0,0,0,0,https://echo.epa.gov/detailed-facility-report?fid=CA0050008&sys=ICP
ICIS,CA0050008,1.10017E+11,SANTA YNEZ BAND/CHUMASH WWTF,SANTA YNEZ,SANTA BARBARA,CA,1.806E+11,Zanja de Cota Creek,4952,34.61013,-120.08645,N-Nitrosodi-n-propylamine,62257,621647,0.045555556,Non-Major,,0,0,0,0,https://echo.epa.gov/detailed-facility-report?fid=CA0050008&sys=ICP
ICIS,CA0050008,1.10017E+11,SANTA YNEZ BAND/CHUMASH WWTF,SANTA YNEZ,SANTA BARBARA,CA,1.806E+11,Zanja de Cota Creek,4952,34.61013,-120.08645,N-Nitrosodimethylamine,3707,62759,0.045555556,Non-Major,,0,0,0,0,https://echo.epa.gov/detailed-facility-report?fid=CA0050008&sys=ICP
ICIS,CA0050008,1.10017E+11,SANTA YNEZ BAND/CHUMASH WWTF,SANTA YNEZ,SANTA BARBARA,CA,1.806E+11,Zanja de Cota Creek,4952,34.61013,-120.08645,Nitrobenzene,18408,98953,0.045555556,Non-Major,,0,0,0,0,https://echo.epa.gov/detailed-facility-report?fid=CA0050008&sys=ICP
ICIS,CA0050008,1.10017E+11,SANTA YNEZ BAND/CHUMASH WWTF,SANTA YNEZ,SANTA BARBARA,CA,1.806E+11,Zanja de Cota Creek,4952,34.61013,-120.08645,o-Chlorophenol,16238,95578,0.045555556,Non-Major,,0,0,0,0,https://echo.epa.gov/detailed-facility-report?fid=CA0050008&sys=ICP
ICIS,CA0050008,1.10017E+11,SANTA YNEZ BAND/CHUMASH WWTF,SANTA YNEZ,SANTA BARBARA,CA,1.806E+11,Zanja de Cota Creek,4952,34.61013,-120.08645,"1,1,2,2-Tetrachloroethane",7773,79345,0.045555556,Non-Major,,0,0,0,0,https://echo.epa.gov/detailed-facility-report?fid=CA0050008&sys=ICP
ICIS,CA0050008,1.10017E+11,SANTA YNEZ BAND/CHUMASH WWTF,SANTA YNEZ,SANTA BARBARA,CA,1.806E+11,Zanja de Cota Creek,4952,34.61013,-120.08645,Benzo(b)fluoranthene,40683,205992,0.045555556,Non-Major,,0,0,0,0,https://echo.epa.gov/detailed-facility-report?fid=CA0050008&sys=ICP
ICIS,CA0050008,1.10017E+11,SANTA YNEZ BAND/CHUMASH WWTF,SANTA YNEZ,SANTA BARBARA,CA,1.806E+11,Zanja de Cota Creek,4952,34.61013,-120.08645,Benzo[ghi]perylene,40576,191242,0.045555556,Non-Major,,0,0,0,0,https://echo.epa.gov/detailed-facility-report?fid=CA0050008&sys=ICP
ICIS,CA0050008,1.10017E+11,SANTA YNEZ BAND/CHUMASH WWTF,SANTA YNEZ,SANTA BARBARA,CA,1.806E+11,Zanja de Cota Creek,4952,34.61013,-120.08645,Carbon tetrachloride,2071,56235,0.045555556,Non-Major,,0,0,0,0,https://echo.epa.gov/detailed-facility-report?fid=CA0050008&sys=ICP
ICIS,CA0050008,1.10017E+11,SANTA YNEZ BAND/CHUMASH WWTF,SANTA YNEZ,SANTA BARBARA,CA,1.806E+11,Zanja de Cota Creek,4952,34.61013,-120.08645,Dibutyl phthalate,10025,84742,0.045555556,Non-Major,,0,0,0,0,https://echo.epa.gov/detailed-facility-report?fid=CA0050008&sys=ICP
ICIS,CA0050008,1.10017E+11,SANTA YNEZ BAND/CHUMASH WWTF,SANTA YNEZ,SANTA BARBARA,CA,1.806E+11,Zanja de Cota Creek,4952,34.61013,-120.08645,Fluoranthene,40691,206440,0.045555556,Non-Major,,0,0,0,0,https://echo.epa.gov/detailed-facility-report?fid=CA0050008&sys=ICP
ICIS,CA0050008,1.10017E+11,SANTA YNEZ BAND/CHUMASH WWTF,SANTA YNEZ,SANTA BARBARA,CA,1.806E+11,Zanja de Cota Creek,4952,34.61013,-120.08645,Hexachlorobenzene,30346,118741,0.045555556,Non-Major,,0,0,0,0,https://echo.epa.gov/detailed-facility-report?fid=CA0050008&sys=ICP
ICIS,CA0050008,1.10017E+11,SANTA YNEZ BAND/CHUMASH WWTF,SANTA YNEZ,SANTA BARBARA,CA,1.806E+11,Zanja de Cota Creek,4952,34.61013,-120.08645,Isophorone,7187,78591,0.045555556,Non-Major,,0,0,0,0,https://echo.epa.gov/detailed-facility-report?fid=CA0050008&sys=ICP
ICIS,CA0050008,1.10017E+11,SANTA YNEZ BAND/CHUMASH WWTF,SANTA YNEZ,SANTA BARBARA,CA,1.806E+11,Zanja de Cota Creek,4952,34.61013,-120.08645,Naphthalene,13326,91203,0.045555556,Non-Major,,0,0,0,0,https://echo.epa.gov/detailed-facility-report?fid=CA0050008&sys=ICP
ICIS,CA0050008,1.10017E+11,SANTA YNEZ BAND/CHUMASH WWTF,SANTA YNEZ,SANTA BARBARA,CA,1.806E+11,Zanja de Cota Creek,4952,34.61013,-120.08645,Silver,149849,7440224,0.045555556,Non-Major,,0,0,0,0,https://echo.epa.gov/detailed-facility-report?fid=CA0050008&sys=ICP
ICIS,CA0050008,1.10017E+11,SANTA YNEZ BAND/CHUMASH WWTF,SANTA YNEZ,SANTA BARBARA,CA,1.806E+11,Zanja de Cota Creek,4952,34.61013,-120.08645,Tetrachloroethylene,34157,127184,0.045555556,Non-Major,,0,0,0,0,https://echo.epa.gov/detailed-facility-report?fid=CA0050008&sys=ICP
ICIS,CA0050008,1.10017E+11,SANTA YNEZ BAND/CHUMASH WWTF,SANTA YNEZ,SANTA BARBARA,CA,1.806E+11,Zanja de Cota Creek,4952,34.61013,-120.08645,Toluene,25452,108883,0.045555556,Non-Major,,0,0,0,0,https://echo.epa.gov/detailed-facility-report?fid=CA0050008&sys=ICP
ICIS,CA0050008,1.10017E+11,SANTA YNEZ BAND/CHUMASH WWTF,SANTA YNEZ,SANTA BARBARA,CA,1.806E+11,Zanja de Cota Creek,4952,34.61013,-120.08645,Toxaphene,156919,8001352,0.045555556,Non-Major,,0,0,0,0,https://echo.epa.gov/detailed-facility-report?fid=CA0050008&sys=ICP
ICIS,CA0050008,1.10017E+11,SANTA YNEZ BAND/CHUMASH WWTF,SANTA YNEZ,SANTA BARBARA,CA,1.806E+11,Zanja de Cota Creek,4952,34.61013,-120.08645,"p,p'-DDD",4937,72548,0.045555556,Non-Major,,0,0,0,0,https://echo.epa.gov/detailed-facility-report?fid=CA0050008&sys=ICP
ICIS,CA0050008,1.10017E+11,SANTA YNEZ BAND/CHUMASH WWTF,SANTA YNEZ,SANTA BARBARA,CA,1.806E+11,Zanja de Cota Creek,4952,34.61013,-120.08645,"p,p'-DDT",1107,50293,0.045555556,Non-Major,,0,0,0,0,https://echo.epa.gov/detailed-facility-report?fid=CA0050008&sys=ICP
ICIS,CA0050008,1.10017E+11,SANTA YNEZ BAND/CHUMASH WWTF,SANTA YNEZ,SANTA BARBARA,CA,1.806E+11,Zanja de Cota Creek,4952,34.61013,-120.08645,p-Chlorophenyl phenyl ether,146647,7005723,0.045555556,Non-Major,,0,0,0,0,https://echo.epa.gov/detailed-facility-report?fid=CA0050008&sys=ICP
ICIS,CA0050008,1.10017E+11,SANTA YNEZ BAND/CHUMASH WWTF,SANTA YNEZ,SANTA BARBARA,CA,1.806E+11,Zanja de Cota Creek,4952,34.61013,-120.08645,.beta.-Hexachlorocyclohexane,42192,319857,0.045555556,Non-Major,,0,0,0,0,https://echo.epa.gov/detailed-facility-report?fid=CA0050008&sys=ICP
ICIS,CA0050008,1.10017E+11,SANTA YNEZ BAND/CHUMASH WWTF,SANTA YNEZ,SANTA BARBARA,CA,1.806E+11,Zanja de Cota Creek,4952,34.61013,-120.08645,.delta.-Hexachlorocyclohexane,42200,319868,0.045555556,Non-Major,,0,0,0,0,https://echo.epa.gov/detailed-facility-report?fid=CA0050008&sys=ICP
ICIS,CA0050008,1.10017E+11,SANTA YNEZ BAND/CHUMASH WWTF,SANTA YNEZ,SANTA BARBARA,CA,1.806E+11,Zanja de Cota Creek,4952,34.61013,-120.08645,2-Chloroethyl vinyl ether,26948,110758,0.045555556,Non-Major,,0,0,0,0,https://echo.epa.gov/detailed-facility-report?fid=CA0050008&sys=ICP
ICIS,CA0050008,1.10017E+11,SANTA YNEZ BAND/CHUMASH WWTF,SANTA YNEZ,SANTA BARBARA,CA,1.806E+11,Zanja de Cota Creek,4952,34.61013,-120.08645,Acenaphthene,9555,83329,0.045555556,Non-Major,,0,0,0,0,https://echo.epa.gov/detailed-facility-report?fid=CA0050008&sys=ICP
ICIS,CA0050008,1.10017E+11,SANTA YNEZ BAND/CHUMASH WWTF,SANTA YNEZ,SANTA BARBARA,CA,1.806E+11,Zanja de Cota Creek,4952,34.61013,-120.08645,Acrylonitrile,24182,107131,0.045555556,Non-Major,,0,0,0,0,https://echo.epa.gov/detailed-facility-report?fid=CA0050008&sys=ICP
ICIS,CA0050008,1.10017E+11,SANTA YNEZ BAND/CHUMASH WWTF,SANTA YNEZ,SANTA BARBARA,CA,1.806E+11,Zanja de Cota Creek,4952,34.61013,-120.08645,Antimony,149963,7440360,0.045555556,Non-Major,,0,0,0,0,https://echo.epa.gov/detailed-facility-report?fid=CA0050008&sys=ICP
ICIS,CA0050008,1.10017E+11,SANTA YNEZ BAND/CHUMASH WWTF,SANTA YNEZ,SANTA BARBARA,CA,1.806E+11,Zanja de Cota Creek,4952,34.61013,-120.08645,Aroclor 1242,298950,53469219,0.045555556,Non-Major,,0,0,0,0,https://echo.epa.gov/detailed-facility-report?fid=CA0050008&sys=ICP
ICIS,CA0050008,1.10017E+11,SANTA YNEZ BAND/CHUMASH WWTF,SANTA YNEZ,SANTA BARBARA,CA,1.806E+11,Zanja de Cota Creek,4952,34.61013,-120.08645,"Chromium, Hexavalent",212357,18540299,0.045555556,Non-Major,,0,0,0,0,https://echo.epa.gov/detailed-facility-report?fid=CA0050008&sys=ICP
ICIS,CA0050008,1.10017E+11,SANTA YNEZ BAND/CHUMASH WWTF,SANTA YNEZ,SANTA BARBARA,CA,1.806E+11,Zanja de Cota Creek,4952,34.61013,-120.08645,Di-n-octyl phthalate,29967,117840,0.045555556,Non-Major,,0,0,0,0,https://echo.epa.gov/detailed-facility-report?fid=CA0050008&sys=ICP
ICIS,CA0050008,1.10017E+11,SANTA YNEZ BAND/CHUMASH WWTF,SANTA YNEZ,SANTA BARBARA,CA,1.806E+11,Zanja de Cota Creek,4952,34.61013,-120.08645,Methylene chloride,5306,75092,0.045555556,Non-Major,,0,0,0,0,https://echo.epa.gov/detailed-facility-report?fid=CA0050008&sys=ICP
ICIS,CA0050008,1.10017E+11,SANTA YNEZ BAND/CHUMASH WWTF,SANTA YNEZ,SANTA BARBARA,CA,1.806E+11,Zanja de Cota Creek,4952,34.61013,-120.08645,Tribromomethane,5447,75252,0.045555556,Non-Major,,0,0,0,0,https://echo.epa.gov/detailed-facility-report?fid=CA0050008&sys=ICP
ICIS,CA0050008,1.10017E+11,SANTA YNEZ BAND/CHUMASH WWTF,SANTA YNEZ,SANTA BARBARA,CA,1.806E+11,Zanja de Cota Creek,4952,34.61013,-120.08645,o-Nitrophenol,12005,88755,0.045555556,Non-Major,,0,0,0,0,https://echo.epa.gov/detailed-facility-report?fid=CA0050008&sys=ICP
ICIS,CA0050008,1.10017E+11,SANTA YNEZ BAND/CHUMASH WWTF,SANTA YNEZ,SANTA BARBARA,CA,1.806E+11,Zanja de Cota Creek,4952,34.61013,-120.08645,.alpha.-Endosulfan,75333,959988,0.045555556,Non-Major,,0,0,0,0,https://echo.epa.gov/detailed-facility-report?fid=CA0050008&sys=ICP
ICIS,CA0050008,1.10017E+11,SANTA YNEZ BAND/CHUMASH WWTF,SANTA YNEZ,SANTA BARBARA,CA,1.806E+11,Zanja de Cota Creek,4952,34.61013,-120.08645,"1,2,4-Trichlorobenzene",31435,120821,0.045555556,Non-Major,,0,0,0,0,https://echo.epa.gov/detailed-facility-report?fid=CA0050008&sys=ICP
ICIS,CA0050008,1.10017E+11,SANTA YNEZ BAND/CHUMASH WWTF,SANTA YNEZ,SANTA BARBARA,CA,1.806E+11,Zanja de Cota Creek,4952,34.61013,-120.08645,"1,3-Dichloropropene",52449,542756,0.045555556,Non-Major,,0,0,0,0,https://echo.epa.gov/detailed-facility-report?fid=CA0050008&sys=ICP
ICIS,CA0050008,1.10017E+11,SANTA YNEZ BAND/CHUMASH WWTF,SANTA YNEZ,SANTA BARBARA,CA,1.806E+11,Zanja de Cota Creek,4952,34.61013,-120.08645,"2,3,7,8-Tetrachlorodibenzo-p-dioxin",91918,1746016,0.045555556,Non-Major,,0,0,0,0,https://echo.epa.gov/detailed-facility-report?fid=CA0050008&sys=ICP
ICIS,CA0050008,1.10017E+11,SANTA YNEZ BAND/CHUMASH WWTF,SANTA YNEZ,SANTA BARBARA,CA,1.806E+11,Zanja de Cota Creek,4952,34.61013,-120.08645,"2,4,6-Trichlorophenol",11536,88062,0.045555556,Non-Major,,0,0,0,0,https://echo.epa.gov/detailed-facility-report?fid=CA0050008&sys=ICP
ICIS,CA0050008,1.10017E+11,SANTA YNEZ BAND/CHUMASH WWTF,SANTA YNEZ,SANTA BARBARA,CA,1.806E+11,Zanja de Cota Creek,4952,34.61013,-120.08645,"2,6-Dinitrotoluene",58875,606202,0.045555556,Non-Major,,0,0,0,0,https://echo.epa.gov/detailed-facility-report?fid=CA0050008&sys=ICP
ICIS,CA0050008,1.10017E+11,SANTA YNEZ BAND/CHUMASH WWTF,SANTA YNEZ,SANTA BARBARA,CA,1.806E+11,Zanja de Cota Creek,4952,34.61013,-120.08645,2-Chloronaphthalene,13532,91587,0.045555556,Non-Major,,0,0,0,0,https://echo.epa.gov/detailed-facility-report?fid=CA0050008&sys=ICP
ICIS,CA0050008,1.10017E+11,SANTA YNEZ BAND/CHUMASH WWTF,SANTA YNEZ,SANTA BARBARA,CA,1.806E+11,Zanja de Cota Creek,4952,34.61013,-120.08645,Acrolein,24075,107028,0.045555556,Non-Major,,0,0,0,0,https://echo.epa.gov/detailed-facility-report?fid=CA0050008&sys=ICP
ICIS,CA0050008,1.10017E+11,SANTA YNEZ BAND/CHUMASH WWTF,SANTA YNEZ,SANTA BARBARA,CA,1.806E+11,Zanja de Cota Creek,4952,34.61013,-120.08645,Aldrin,42002,309002,0.045555556,Non-Major,,0,0,0,0,https://echo.epa.gov/detailed-facility-report?fid=CA0050008&sys=ICP
ICIS,CA0050008,1.10017E+11,SANTA YNEZ BAND/CHUMASH WWTF,SANTA YNEZ,SANTA BARBARA,CA,1.806E+11,Zanja de Cota Creek,4952,34.61013,-120.08645,Aroclor 1232,173583,11141165,0.045555556,Non-Major,,0,0,0,0,https://echo.epa.gov/detailed-facility-report?fid=CA0050008&sys=ICP
ICIS,CA0050008,1.10017E+11,SANTA YNEZ BAND/CHUMASH WWTF,SANTA YNEZ,SANTA BARBARA,CA,1.806E+11,Zanja de Cota Creek,4952,34.61013,-120.08645,Aroclor 1254,173047,11097691,0.045555556,Non-Major,,0,0,0,0,https://echo.epa.gov/detailed-facility-report?fid=CA0050008&sys=ICP
ICIS,CA0050008,1.10017E+11,SANTA YNEZ BAND/CHUMASH WWTF,SANTA YNEZ,SANTA BARBARA,CA,1.806E+11,Zanja de Cota Creek,4952,34.61013,-120.08645,Arsenic,149989,7440382,0.045555556,Non-Major,,0,0,0,0,https://echo.epa.gov/detailed-facility-report?fid=CA0050008&sys=ICP
ICIS,CA0050008,1.10017E+11,SANTA YNEZ BAND/CHUMASH WWTF,SANTA YNEZ,SANTA BARBARA,CA,1.806E+11,Zanja de Cota Creek,4952,34.61013,-120.08645,Benzene,4754,71432,0.045555556,Non-Major,,0,0,0,0,https://echo.epa.gov/detailed-facility-report?fid=CA0050008&sys=ICP
ICIS,CA0050008,1.10017E+11,SANTA YNEZ BAND/CHUMASH WWTF,SANTA YNEZ,SANTA BARBARA,CA,1.806E+11,Zanja de Cota Creek,4952,34.61013,-120.08645,Beryllium,150003,7440417,0.045555556,Non-Major,,0,0,0,0,https://echo.epa.gov/detailed-facility-report?fid=CA0050008&sys=ICP
ICIS,CA0050008,1.10017E+11,SANTA YNEZ BAND/CHUMASH WWTF,SANTA YNEZ,SANTA BARBARA,CA,1.806E+11,Zanja de Cota Creek,4952,34.61013,-120.08645,"Dibenz[a,h]anthracene",1685,53703,0.045555556,Non-Major,,0,0,0,0,https://echo.epa.gov/detailed-facility-report?fid=CA0050008&sys=ICP
ICIS,CA0050008,1.10017E+11,SANTA YNEZ BAND/CHUMASH WWTF,SANTA YNEZ,SANTA BARBARA,CA,1.806E+11,Zanja de Cota Creek,4952,34.61013,-120.08645,Dieldrin,3426,60571,0.045555556,Non-Major,,0,0,0,0,https://echo.epa.gov/detailed-facility-report?fid=CA0050008&sys=ICP
ICIS,CA0050008,1.10017E+11,SANTA YNEZ BAND/CHUMASH WWTF,SANTA YNEZ,SANTA BARBARA,CA,1.806E+11,Zanja de Cota Creek,4952,34.61013,-120.08645,Endrin aldehyde,149336,7421934,0.045555556,Non-Major,,0,0,0,0,https://echo.epa.gov/detailed-facility-report?fid=CA0050008&sys=ICP
ICIS,CA0050008,1.10017E+11,SANTA YNEZ BAND/CHUMASH WWTF,SANTA YNEZ,SANTA BARBARA,CA,1.806E+11,Zanja de Cota Creek,4952,34.61013,-120.08645,Mercury,149633,7439976,0.045555556,Non-Major,,0,0,0,0,https://echo.epa.gov/detailed-facility-report?fid=CA0050008&sys=ICP
ICIS,CA0050008,1.10017E+11,SANTA YNEZ BAND/CHUMASH WWTF,SANTA YNEZ,SANTA BARBARA,CA,1.806E+11,Zanja de Cota Creek,4952,34.61013,-120.08645,Selenium,154310,7782492,0.045555556,Non-Major,,0,0,0,0,https://echo.epa.gov/detailed-facility-report?fid=CA0050008&sys=ICP
ICIS,CA0050008,1.10017E+11,SANTA YNEZ BAND/CHUMASH WWTF,SANTA YNEZ,SANTA BARBARA,CA,1.806E+11,Zanja de Cota Creek,4952,34.61013,-120.08645,Trichloroethylene,7526,79016,0.045555556,Non-Major,,0,0,0,0,https://echo.epa.gov/detailed-facility-report?fid=CA0050008&sys=ICP
ICIS,CA0050008,1.10017E+11,SANTA YNEZ BAND/CHUMASH WWTF,SANTA YNEZ,SANTA BARBARA,CA,1.806E+11,Zanja de Cota Creek,4952,34.61013,-120.08645,Vinyl chloride,5231,75014,0.045555556,Non-Major,,0,0,0,0,https://echo.epa.gov/detailed-facility-report?fid=CA0050008&sys=ICP
ICIS,CA0050008,1.10017E+11,SANTA YNEZ BAND/CHUMASH WWTF,SANTA YNEZ,SANTA BARBARA,CA,1.806E+11,Zanja de Cota Creek,4952,34.61013,-120.08645,p-Bromophenyl phenyl ether,20172,101553,0.045555556,Non-Major,,0,0,0,0,https://echo.epa.gov/detailed-facility-report?fid=CA0050008&sys=ICP
ICIS,CA0050008,1.10017E+11,SANTA YNEZ BAND/CHUMASH WWTF,SANTA YNEZ,SANTA BARBARA,CA,1.806E+11,Zanja de Cota Creek,4952,34.61013,-120.08645,p-Dichlorobenzene,23622,106467,0.045555556,Non-Major,,0,0,0,0,https://echo.epa.gov/detailed-facility-report?fid=CA0050008&sys=ICP
ICIS,CA0050008,1.10017E+11,SANTA YNEZ BAND/CHUMASH WWTF,SANTA YNEZ,SANTA BARBARA,CA,1.806E+11,Zanja de Cota Creek,4952,34.61013,-120.08645,p-Nitrophenol,19117,100027,0.045555556,Non-Major,,0,0,0,0,https://echo.epa.gov/detailed-facility-report?fid=CA0050008&sys=ICP
ICIS,CA0050008,1.10017E+11,SANTA YNEZ BAND/CHUMASH WWTF,SANTA YNEZ,SANTA BARBARA,CA,1.806E+11,Zanja de Cota Creek,4952,34.61013,-120.08645,Ammonia as NH3,152389,7664417,0.045555556,Non-Major,,0,0,0,0,https://echo.epa.gov/detailed-facility-report?fid=CA0050008&sys=ICP
ICIS,CA0050008,1.10017E+11,SANTA YNEZ BAND/CHUMASH WWTF,SANTA YNEZ,SANTA BARBARA,CA,1.806E+11,Zanja de Cota Creek,4952,34.61013,-120.08645,.alpha.-Hexachlorocyclohexane,42184,319846,0.045555556,Non-Major,,0,0,0,0,https://echo.epa.gov/detailed-facility-report?fid=CA0050008&sys=ICP
ICIS,CA0050008,1.10017E+11,SANTA YNEZ BAND/CHUMASH WWTF,SANTA YNEZ,SANTA BARBARA,CA,1.806E+11,Zanja de Cota Creek,4952,34.61013,-120.08645,"1,1-Dichloroethane",5520,75343,0.045555556,Non-Major,,0,0,0,0,https://echo.epa.gov/detailed-facility-report?fid=CA0050008&sys=ICP
ICIS,CA0050008,1.10017E+11,SANTA YNEZ BAND/CHUMASH WWTF,SANTA YNEZ,SANTA BARBARA,CA,1.806E+11,Zanja de Cota Creek,4952,34.61013,-120.08645,"1,1-Dichloroethylene",5538,75354,0.045555556,Non-Major,,0,0,0,0,https://echo.epa.gov/detailed-facility-report?fid=CA0050008&sys=ICP
ICIS,CA0050008,1.10017E+11,SANTA YNEZ BAND/CHUMASH WWTF,SANTA YNEZ,SANTA BARBARA,CA,1.806E+11,Zanja de Cota Creek,4952,34.61013,-120.08645,"1,2-Dichloropropane",7393,78875,0.045555556,Non-Major,,0,0,0,0,https://echo.epa.gov/detailed-facility-report?fid=CA0050008&sys=ICP
ICIS,CA0050008,1.10017E+11,SANTA YNEZ BAND/CHUMASH WWTF,SANTA YNEZ,SANTA BARBARA,CA,1.806E+11,Zanja de Cota Creek,4952,34.61013,-120.08645,Aroclor 1016,182782,12674112,0.045555556,Non-Major,,0,0,0,0,https://echo.epa.gov/detailed-facility-report?fid=CA0050008&sys=ICP
ICIS,CA0050008,1.10017E+11,SANTA YNEZ BAND/CHUMASH WWTF,SANTA YNEZ,SANTA BARBARA,CA,1.806E+11,Zanja de Cota Creek,4952,34.61013,-120.08645,Bis(2-chloroisopropyl) ether,279893,39638329,0.045555556,Non-Major,,0,0,0,0,https://echo.epa.gov/detailed-facility-report?fid=CA0050008&sys=ICP
ICIS,CA0050008,1.10017E+11,SANTA YNEZ BAND/CHUMASH WWTF,SANTA YNEZ,SANTA BARBARA,CA,1.806E+11,Zanja de Cota Creek,4952,34.61013,-120.08645,Dichlorobromomethane,5462,75274,0.045555556,Non-Major,,0,0,0,0,https://echo.epa.gov/detailed-facility-report?fid=CA0050008&sys=ICP
ICIS,CA0050008,1.10017E+11,SANTA YNEZ BAND/CHUMASH WWTF,SANTA YNEZ,SANTA BARBARA,CA,1.806E+11,Zanja de Cota Creek,4952,34.61013,-120.08645,Diethyl phthalate,9985,84662,0.045555556,Non-Major,,0,0,0,0,https://echo.epa.gov/detailed-facility-report?fid=CA0050008&sys=ICP
ICIS,CA0050008,1.10017E+11,SANTA YNEZ BAND/CHUMASH WWTF,SANTA YNEZ,SANTA BARBARA,CA,1.806E+11,Zanja de Cota Creek,4952,34.61013,-120.08645,Dimethyl phthalate,35295,131113,0.045555556,Non-Major,,0,0,0,0,https://echo.epa.gov/detailed-facility-report?fid=CA0050008&sys=ICP
ICIS,CA0050008,1.10017E+11,SANTA YNEZ BAND/CHUMASH WWTF,SANTA YNEZ,SANTA BARBARA,CA,1.806E+11,Zanja de Cota Creek,4952,34.61013,-120.08645,Lindane,2923,58899,0.045555556,Non-Major,,0,0,0,0,https://echo.epa.gov/detailed-facility-report?fid=CA0050008&sys=ICP
ICIS,CA0050008,1.10017E+11,SANTA YNEZ BAND/CHUMASH WWTF,SANTA YNEZ,SANTA BARBARA,CA,1.806E+11,Zanja de Cota Creek,4952,34.61013,-120.08645,Nickel,149674,7440020,0.045555556,Non-Major,,0,0,0,0,https://echo.epa.gov/detailed-facility-report?fid=CA0050008&sys=ICP
ICIS,CA0050008,1.10017E+11,SANTA YNEZ BAND/CHUMASH WWTF,SANTA YNEZ,SANTA BARBARA,CA,1.806E+11,Zanja de Cota Creek,4952,34.61013,-120.08645,o-Dichlorobenzene,16162,95501,0.045555556,Non-Major,,0,0,0,0,https://echo.epa.gov/detailed-facility-report?fid=CA0050008&sys=ICP
ICIS,CA0050008,1.10017E+11,SANTA YNEZ BAND/CHUMASH WWTF,SANTA YNEZ,SANTA BARBARA,CA,1.806E+11,Zanja de Cota Creek,4952,34.61013,-120.08645,"1,1,1-Trichloroethane",4796,71556,0.045555556,Non-Major,,0,0,0,0,https://echo.epa.gov/detailed-facility-report?fid=CA0050008&sys=ICP
ICIS,CA0050008,1.10017E+11,SANTA YNEZ BAND/CHUMASH WWTF,SANTA YNEZ,SANTA BARBARA,CA,1.806E+11,Zanja de Cota Creek,4952,34.61013,-120.08645,"1,2-Dichloroethane",24117,107062,0.045555556,Non-Major,,0,0,0,0,https://echo.epa.gov/detailed-facility-report?fid=CA0050008&sys=ICP
ICIS,CA0050008,1.10017E+11,SANTA YNEZ BAND/CHUMASH WWTF,SANTA YNEZ,SANTA BARBARA,CA,1.806E+11,Zanja de Cota Creek,4952,34.61013,-120.08645,"4,6-Dinitro-o-cresol",51102,534521,0.045555556,Non-Major,,0,0,0,0,https://echo.epa.gov/detailed-facility-report?fid=CA0050008&sys=ICP
ICIS,CA0050008,1.10017E+11,SANTA YNEZ BAND/CHUMASH WWTF,SANTA YNEZ,SANTA BARBARA,CA,1.806E+11,Zanja de Cota Creek,4952,34.61013,-120.08645,Anthracene,31013,120127,0.045555556,Non-Major,,0,0,0,0,https://echo.epa.gov/detailed-facility-report?fid=CA0050008&sys=ICP
ICIS,CA0050008,1.10017E+11,SANTA YNEZ BAND/CHUMASH WWTF,SANTA YNEZ,SANTA BARBARA,CA,1.806E+11,Zanja de Cota Creek,4952,34.61013,-120.08645,Aroclor 1221,173153,11104282,0.045555556,Non-Major,,0,0,0,0,https://echo.epa.gov/detailed-facility-report?fid=CA0050008&sys=ICP
ICIS,CA0050008,1.10017E+11,SANTA YNEZ BAND/CHUMASH WWTF,SANTA YNEZ,SANTA BARBARA,CA,1.806E+11,Zanja de Cota Creek,4952,34.61013,-120.08645,Benzidine,14498,92875,0.045555556,Non-Major,,0,0,0,0,https://echo.epa.gov/detailed-facility-report?fid=CA0050008&sys=ICP
ICIS,CA0050008,1.10017E+11,SANTA YNEZ BAND/CHUMASH WWTF,SANTA YNEZ,SANTA BARBARA,CA,1.806E+11,Zanja de Cota Creek,4952,34.61013,-120.08645,Bis(2-chloroethyl) ether,27532,111444,0.045555556,Non-Major,,0,0,0,0,https://echo.epa.gov/detailed-facility-report?fid=CA0050008&sys=ICP
ICIS,CA0050008,1.10017E+11,SANTA YNEZ BAND/CHUMASH WWTF,SANTA YNEZ,SANTA BARBARA,CA,1.806E+11,Zanja de Cota Creek,4952,34.61013,-120.08645,Chloroethane,5223,75003,0.045555556,Non-Major,,0,0,0,0,https://echo.epa.gov/detailed-facility-report?fid=CA0050008&sys=ICP
ICIS,CA0050008,1.10017E+11,SANTA YNEZ BAND/CHUMASH WWTF,SANTA YNEZ,SANTA BARBARA,CA,1.806E+11,Zanja de Cota Creek,4952,34.61013,-120.08645,Copper,150086,7440508,0.045555556,Non-Major,,0,0,0,0,https://echo.epa.gov/detailed-facility-report?fid=CA0050008&sys=ICP
ICIS,CA0050008,1.10017E+11,SANTA YNEZ BAND/CHUMASH WWTF,SANTA YNEZ,SANTA BARBARA,CA,1.806E+11,Zanja de Cota Creek,4952,34.61013,-120.08645,Di(2-ethylhexyl) phthalate,29934,117817,0.045555556,Non-Major,,0,0,0,0,https://echo.epa.gov/detailed-facility-report?fid=CA0050008&sys=ICP
ICIS,CA0050008,1.10017E+11,SANTA YNEZ BAND/CHUMASH WWTF,SANTA YNEZ,SANTA BARBARA,CA,1.806E+11,Zanja de Cota Creek,4952,34.61013,-120.08645,Endrin,4887,72208,0.045555556,Non-Major,,0,0,0,0,https://echo.epa.gov/detailed-facility-report?fid=CA0050008&sys=ICP
ICIS,CA0050008,1.10017E+11,SANTA YNEZ BAND/CHUMASH WWTF,SANTA YNEZ,SANTA BARBARA,CA,1.806E+11,Zanja de Cota Creek,4952,34.61013,-120.08645,Hexachlorocyclopentadiene,6494,77474,0.045555556,Non-Major,,0,0,0,0,https://echo.epa.gov/detailed-facility-report?fid=CA0050008&sys=ICP
ICIS,CA0050008,1.10017E+11,SANTA YNEZ BAND/CHUMASH WWTF,SANTA YNEZ,SANTA BARBARA,CA,1.806E+11,Zanja de Cota Creek,4952,34.61013,-120.08645,Lead,149583,7439921,0.045555556,Non-Major,,0,0,0,0,https://echo.epa.gov/detailed-facility-report?fid=CA0050008&sys=ICP
ICIS,CA0050008,1.10017E+11,SANTA YNEZ BAND/CHUMASH WWTF,SANTA YNEZ,SANTA BARBARA,CA,1.806E+11,Zanja de Cota Creek,4952,34.61013,-120.08645,Methyl bromide,5074,74839,0.045555556,Non-Major,,0,0,0,0,https://echo.epa.gov/detailed-facility-report?fid=CA0050008&sys=ICP
ICIS,CA0050008,1.10017E+11,SANTA YNEZ BAND/CHUMASH WWTF,SANTA YNEZ,SANTA BARBARA,CA,1.806E+11,Zanja de Cota Creek,4952,34.61013,-120.08645,Phenol,25510,108952,0.045555556,Non-Major,,0,0,0,0,https://echo.epa.gov/detailed-facility-report?fid=CA0050008&sys=ICP
ICIS,CA0050008,1.10017E+11,SANTA YNEZ BAND/CHUMASH WWTF,SANTA YNEZ,SANTA BARBARA,CA,1.806E+11,Zanja de Cota Creek,4952,34.61013,-120.08645,"p,p'-DDE",4945,72559,0.045555556,Non-Major,,0,0,0,0,https://echo.epa.gov/detailed-facility-report?fid=CA0050008&sys=ICP
ICIS,CA0050008,1.10017E+11,SANTA YNEZ BAND/CHUMASH WWTF,SANTA YNEZ,SANTA BARBARA,CA,1.806E+11,Zanja de Cota Creek,4952,34.61013,-120.08645,p-Chloro-m-cresol,3103,59507,0.045555556,Non-Major,,0,0,0,0,https://echo.epa.gov/detailed-facility-report?fid=CA0050008&sys=ICP
ICIS,CA0050008,1.10017E+11,SANTA YNEZ BAND/CHUMASH WWTF,SANTA YNEZ,SANTA BARBARA,CA,1.806E+11,Zanja de Cota Creek,4952,34.61013,-120.08645,"2,4-Dichlorophenol",31443,120832,0.045555556,Non-Major,,0,0,0,0,https://echo.epa.gov/detailed-facility-report?fid=CA0050008&sys=ICP
ICIS,CA0050008,1.10017E+11,SANTA YNEZ BAND/CHUMASH WWTF,SANTA YNEZ,SANTA BARBARA,CA,1.806E+11,Zanja de Cota Creek,4952,34.61013,-120.08645,"2,4-Dimethylphenol",22970,105679,0.045555556,Non-Major,,0,0,0,0,https://echo.epa.gov/detailed-facility-report?fid=CA0050008&sys=ICP
ICIS,CA0050008,1.10017E+11,SANTA YNEZ BAND/CHUMASH WWTF,SANTA YNEZ,SANTA BARBARA,CA,1.806E+11,Zanja de Cota Creek,4952,34.61013,-120.08645,Acenaphthylene,40717,208968,0.045555556,Non-Major,,0,0,0,0,https://echo.epa.gov/detailed-facility-report?fid=CA0050008&sys=ICP
ICIS,CA0050008,1.10017E+11,SANTA YNEZ BAND/CHUMASH WWTF,SANTA YNEZ,SANTA BARBARA,CA,1.806E+11,Zanja de Cota Creek,4952,34.61013,-120.08645,Aroclor 1260,173021,11096825,0.045555556,Non-Major,,0,0,0,0,https://echo.epa.gov/detailed-facility-report?fid=CA0050008&sys=ICP
ICIS,CA0050008,1.10017E+11,SANTA YNEZ BAND/CHUMASH WWTF,SANTA YNEZ,SANTA BARBARA,CA,1.806E+11,Zanja de Cota Creek,4952,34.61013,-120.08645,Benz[a]anthracene,2212,56553,0.045555556,Non-Major,,0,0,0,0,https://echo.epa.gov/detailed-facility-report?fid=CA0050008&sys=ICP
ICIS,CA0050008,1.10017E+11,SANTA YNEZ BAND/CHUMASH WWTF,SANTA YNEZ,SANTA BARBARA,CA,1.806E+11,Zanja de Cota Creek,4952,34.61013,-120.08645,Benzo[k]fluoranthene,40709,207089,0.045555556,Non-Major,,0,0,0,0,https://echo.epa.gov/detailed-facility-report?fid=CA0050008&sys=ICP
ICIS,CA0050008,1.10017E+11,SANTA YNEZ BAND/CHUMASH WWTF,SANTA YNEZ,SANTA BARBARA,CA,1.806E+11,Zanja de Cota Creek,4952,34.61013,-120.08645,Chlorodibromomethane,33597,124481,0.045555556,Non-Major,,0,0,0,0,https://echo.epa.gov/detailed-facility-report?fid=CA0050008&sys=ICP
ICIS,CA0050008,1.10017E+11,SANTA YNEZ BAND/CHUMASH WWTF,SANTA YNEZ,SANTA BARBARA,CA,1.806E+11,Zanja de Cota Creek,4952,34.61013,-120.08645,Chloromethane,5116,74873,0.045555556,Non-Major,,0,0,0,0,https://echo.epa.gov/detailed-facility-report?fid=CA0050008&sys=ICP
ICIS,CA0050008,1.10017E+11,SANTA YNEZ BAND/CHUMASH WWTF,SANTA YNEZ,SANTA BARBARA,CA,1.806E+11,Zanja de Cota Creek,4952,34.61013,-120.08645,Ethylbenzene,19406,100414,0.045555556,Non-Major,,0,0,0,0,https://echo.epa.gov/detailed-facility-report?fid=CA0050008&sys=ICP
ICIS,CA0050008,1.10017E+11,SANTA YNEZ BAND/CHUMASH WWTF,SANTA YNEZ,SANTA BARBARA,CA,1.806E+11,Zanja de Cota Creek,4952,34.61013,-120.08645,Heptachlor,6262,76448,0.045555556,Non-Major,,0,0,0,0,https://echo.epa.gov/detailed-facility-report?fid=CA0050008&sys=ICP
ICIS,CA0050008,1.10017E+11,SANTA YNEZ BAND/CHUMASH WWTF,SANTA YNEZ,SANTA BARBARA,CA,1.806E+11,Zanja de Cota Creek,4952,34.61013,-120.08645,"Indeno[1,2,3-cd]pyrene",40626,193395,0.045555556,Non-Major,,0,0,0,0,https://echo.epa.gov/detailed-facility-report?fid=CA0050008&sys=ICP
ICIS,CA0050008,1.10017E+11,SANTA YNEZ BAND/CHUMASH WWTF,SANTA YNEZ,SANTA BARBARA,CA,1.806E+11,Zanja de Cota Creek,4952,34.61013,-120.08645,Pyrene,34843,129000,0.045555556,Non-Major,,0,0,0,0,https://echo.epa.gov/detailed-facility-report?fid=CA0050008&sys=ICP
ICIS,CA0050008,1.10017E+11,SANTA YNEZ BAND/CHUMASH WWTF,SANTA YNEZ,SANTA BARBARA,CA,1.806E+11,Zanja de Cota Creek,4952,34.61013,-120.08645,Thallium,149898,7440280,0.045555556,Non-Major,,0,0,0,0,https://echo.epa.gov/detailed-facility-report?fid=CA0050008&sys=ICP
ICIS,CA0050008,1.10017E+11,SANTA YNEZ BAND/CHUMASH WWTF,SANTA YNEZ,SANTA BARBARA,CA,1.806E+11,Zanja de Cota Creek,4952,34.61013,-120.08645,"1,2-Diphenylhydrazine",32425,122667,0.045555556,Non-Major,,0,0,0,0,https://echo.epa.gov/detailed-facility-report?fid=CA0050008&sys=ICP
ICIS,CA0050008,1.10017E+11,SANTA YNEZ BAND/CHUMASH WWTF,SANTA YNEZ,SANTA BARBARA,CA,1.806E+11,Zanja de Cota Creek,4952,34.61013,-120.08645,"2,4-Dinitrophenol",1313,51285,0.045555556,Non-Major,,0,0,0,0,https://echo.epa.gov/detailed-facility-report?fid=CA0050008&sys=ICP
ICIS,CA0050008,1.10017E+11,SANTA YNEZ BAND/CHUMASH WWTF,SANTA YNEZ,SANTA BARBARA,CA,1.806E+11,Zanja de Cota Creek,4952,34.61013,-120.08645,"2,4-Dinitrotoluene",31575,121142,0.045555556,Non-Major,,0,0,0,0,https://echo.epa.gov/detailed-facility-report?fid=CA0050008&sys=ICP
ICIS,CA0050008,1.10017E+11,SANTA YNEZ BAND/CHUMASH WWTF,SANTA YNEZ,SANTA BARBARA,CA,1.806E+11,Zanja de Cota Creek,4952,34.61013,-120.08645,"3,3'-Dichlorobenzidine",13755,91941,0.045555556,Non-Major,,0,0,0,0,https://echo.epa.gov/detailed-facility-report?fid=CA0050008&sys=ICP
ICIS,CA0050008,1.10017E+11,SANTA YNEZ BAND/CHUMASH WWTF,SANTA YNEZ,SANTA BARBARA,CA,1.806E+11,Zanja de Cota Creek,4952,34.61013,-120.08645,Benzo[a]pyrene,1115,50328,0.045555556,Non-Major,,0,0,0,0,https://echo.epa.gov/detailed-facility-report?fid=CA0050008&sys=ICP
ICIS,CA0050008,1.10017E+11,SANTA YNEZ BAND/CHUMASH WWTF,SANTA YNEZ,SANTA BARBARA,CA,1.806E+11,Zanja de Cota Creek,4952,34.61013,-120.08645,Butyl benzyl phthalate,10470,85687,0.045555556,Non-Major,,0,0,0,0,https://echo.epa.gov/detailed-facility-report?fid=CA0050008&sys=ICP
ICIS,CA0050008,1.10017E+11,SANTA YNEZ BAND/CHUMASH WWTF,SANTA YNEZ,SANTA BARBARA,CA,1.806E+11,Zanja de Cota Creek,4952,34.61013,-120.08645,Cadmium,150029,7440439,0.045555556,Non-Major,,0,0,0,0,https://echo.epa.gov/detailed-facility-report?fid=CA0050008&sys=ICP
ICIS,CA0050008,1.10017E+11,SANTA YNEZ BAND/CHUMASH WWTF,SANTA YNEZ,SANTA BARBARA,CA,1.806E+11,Zanja de Cota Creek,4952,34.61013,-120.08645,Chlordane (tech mix. and metabolites),,,0.045555556,Non-Major,,0,0,0,0,https://echo.epa.gov/detailed-facility-report?fid=CA0050008&sys=ICP
ICIS,CA0050008,1.10017E+11,SANTA YNEZ BAND/CHUMASH WWTF,SANTA YNEZ,SANTA BARBARA,CA,1.806E+11,Zanja de Cota Creek,4952,34.61013,-120.08645,Chlorobenzene,25478,108907,0.045555556,Non-Major,,0,0,0,0,https://echo.epa.gov/detailed-facility-report?fid=CA0050008&sys=ICP
ICIS,CA0050008,1.10017E+11,SANTA YNEZ BAND/CHUMASH WWTF,SANTA YNEZ,SANTA BARBARA,CA,1.806E+11,Zanja de Cota Creek,4952,34.61013,-120.08645,"Chromium, Trivalent",203000,16065831,0.045555556,Non-Major,,0,0,0,0,https://echo.epa.gov/detailed-facility-report?fid=CA0050008&sys=ICP
ICIS,CA0050008,1.10017E+11,SANTA YNEZ BAND/CHUMASH WWTF,SANTA YNEZ,SANTA BARBARA,CA,1.806E+11,Zanja de Cota Creek,4952,34.61013,-120.08645,Chrysene,40733,218019,0.045555556,Non-Major,,0,0,0,0,https://echo.epa.gov/detailed-facility-report?fid=CA0050008&sys=ICP
ICIS,CA0050008,1.10017E+11,SANTA YNEZ BAND/CHUMASH WWTF,SANTA YNEZ,SANTA BARBARA,CA,1.806E+11,Zanja de Cota Creek,4952,34.61013,-120.08645,Cyanide,2444,57125,0.045555556,Non-Major,,0,0,0,0,https://echo.epa.gov/detailed-facility-report?fid=CA0050008&sys=ICP
ICIS,CA0050008,1.10017E+11,SANTA YNEZ BAND/CHUMASH WWTF,SANTA YNEZ,SANTA BARBARA,CA,1.806E+11,Zanja de Cota Creek,4952,34.61013,-120.08645,Endosulfan sulfate,76737,1031078,0.045555556,Non-Major,,0,0,0,0,https://echo.epa.gov/detailed-facility-report?fid=CA0050008&sys=ICP
ICIS,CA0050008,1.10017E+11,SANTA YNEZ BAND/CHUMASH WWTF,SANTA YNEZ,SANTA BARBARA,CA,1.806E+11,Zanja de Cota Creek,4952,34.61013,-120.08645,Fluorene,10892,86737,0.045555556,Non-Major,,0,0,0,0,https://echo.epa.gov/detailed-facility-report?fid=CA0050008&sys=ICP
ICIS,CA0050008,1.10017E+11,SANTA YNEZ BAND/CHUMASH WWTF,SANTA YNEZ,SANTA BARBARA,CA,1.806E+11,Zanja de Cota Creek,4952,34.61013,-120.08645,Heptachlor epoxide,76661,1024573,0.045555556,Non-Major,,0,0,0,0,https://echo.epa.gov/detailed-facility-report?fid=CA0050008&sys=ICP
ICIS,CA0050008,1.10017E+11,SANTA YNEZ BAND/CHUMASH WWTF,SANTA YNEZ,SANTA BARBARA,CA,1.806E+11,Zanja de Cota Creek,4952,34.61013,-120.08645,Hexachlorobutadiene,11346,87683,0.045555556,Non-Major,,0,0,0,0,https://echo.epa.gov/detailed-facility-report?fid=CA0050008&sys=ICP
ICIS,CA0050008,1.10017E+11,SANTA YNEZ BAND/CHUMASH WWTF,SANTA YNEZ,SANTA BARBARA,CA,1.806E+11,Zanja de Cota Creek,4952,34.61013,-120.08645,Hexachloroethane,4341,67721,0.045555556,Non-Major,,0,0,0,0,https://echo.epa.gov/detailed-facility-report?fid=CA0050008&sys=ICP
ICIS,CA0050008,1.10017E+11,SANTA YNEZ BAND/CHUMASH WWTF,SANTA YNEZ,SANTA BARBARA,CA,1.806E+11,Zanja de Cota Creek,4952,34.61013,-120.08645,N-Nitrosodiphenylamine,10702,86306,0.045555556,Non-Major,,0,0,0,0,https://echo.epa.gov/detailed-facility-report?fid=CA0050008&sys=ICP
ICIS,CA0050008,1.10017E+11,SANTA YNEZ BAND/CHUMASH WWTF,SANTA YNEZ,SANTA BARBARA,CA,1.806E+11,Zanja de Cota Creek,4952,34.61013,-120.08645,Pentachlorophenol,11437,87865,0.045555556,Non-Major,,0,0,0,0,https://echo.epa.gov/detailed-facility-report?fid=CA0050008&sys=ICP
ICIS,CA0050008,1.10017E+11,SANTA YNEZ BAND/CHUMASH WWTF,SANTA YNEZ,SANTA BARBARA,CA,1.806E+11,Zanja de Cota Creek,4952,34.61013,-120.08645,Phenanthrene,10199,85018,0.045555556,Non-Major,,0,0,0,0,https://echo.epa.gov/detailed-facility-report?fid=CA0050008&sys=ICP
ICIS,CA0050008,1.10017E+11,SANTA YNEZ BAND/CHUMASH WWTF,SANTA YNEZ,SANTA BARBARA,CA,1.806E+11,Zanja de Cota Creek,4952,34.61013,-120.08645,Zinc,150235,7440666,0.045555556,Non-Major,,0,0,0,0,https://echo.epa.gov/detailed-facility-report?fid=CA0050008&sys=ICP
ICIS,CA0050008,1.10017E+11,SANTA YNEZ BAND/CHUMASH WWTF,SANTA YNEZ,SANTA BARBARA,CA,1.806E+11,Zanja de Cota Creek,4952,34.61013,-120.08645,m-Dichlorobenzene,52217,541731,0.045555556,Non-Major,,0,0,0,0,https://echo.epa.gov/detailed-facility-report?fid=CA0050008&sys=ICP
ICIS,CA0050008,1.10017E+11,SANTA YNEZ BAND/CHUMASH WWTF,SANTA YNEZ,SANTA BARBARA,CA,1.806E+11,Zanja de Cota Creek,4952,34.61013,-120.08645,"trans-1,2-Dichloroethylene",40469,156605,0.045555556,Non-Major,,0,0,0,0,https://echo.epa.gov/detailed-facility-report?fid=CA0050008&sys=ICP
